-- phpMyAdmin SQL Dump
-- version 4.5.4.1deb2ubuntu2.1
-- http://www.phpmyadmin.net
--
-- Host: localhost
-- Generation Time: Jan 01, 2019 at 11:52 PM
-- Server version: 5.7.24-0ubuntu0.16.04.1
-- PHP Version: 7.0.32-0ubuntu0.16.04.1

SET SQL_MODE = "NO_AUTO_VALUE_ON_ZERO";
SET time_zone = "+00:00";


/*!40101 SET @OLD_CHARACTER_SET_CLIENT=@@CHARACTER_SET_CLIENT */;
/*!40101 SET @OLD_CHARACTER_SET_RESULTS=@@CHARACTER_SET_RESULTS */;
/*!40101 SET @OLD_COLLATION_CONNECTION=@@COLLATION_CONNECTION */;
/*!40101 SET NAMES utf8mb4 */;

--
-- Database: `smk_polri`
--

-- --------------------------------------------------------

--
-- Table structure for table `t_faktor_kinerja_generik`
--

CREATE TABLE `t_faktor_kinerja_generik` (
  `id` int(11) NOT NULL,
  `faktor_kinerja` text NOT NULL,
  `id_semester` int(11) NOT NULL
) ENGINE=InnoDB DEFAULT CHARSET=latin1;

--
-- Dumping data for table `t_faktor_kinerja_generik`
--

INSERT INTO `t_faktor_kinerja_generik` (`id`, `faktor_kinerja`, `id_semester`) VALUES
(1, 'Kepemimpinan', 1),
(2, 'Jaringan Sosial', 1),
(3, 'Komunikasi', 1),
(4, 'Pengendalian Emosi', 1),
(5, 'Agen Perubahan', 1),
(6, 'Integritas', 1),
(7, 'Empati', 1),
(8, 'Pengelolaan Administrasi', 1),
(9, 'Kreativitas', 1),
(10, 'Kemandirian', 1);

-- --------------------------------------------------------

--
-- Table structure for table `t_jabatan`
--

CREATE TABLE `t_jabatan` (
  `id` int(11) NOT NULL,
  `ref_satker` int(8) DEFAULT NULL,
  `c_urtsatker` int(8) DEFAULT NULL,
  `c_jabatan` varchar(128) DEFAULT NULL
) ENGINE=InnoDB DEFAULT CHARSET=latin1;

--
-- Dumping data for table `t_jabatan`
--

INSERT INTO `t_jabatan` (`id`, `ref_satker`, `c_urtsatker`, `c_jabatan`) VALUES
(20001, 21800000, 1, 'KAPOLDA DIY'),
(20002, 21800000, 2, 'WAKAPOLDA DIY'),
(20003, 21802000, 3, 'IRWASDA POLDA DIY'),
(20058, 21803000, 58, 'KAROOPS POLDA DIY'),
(20118, 21804000, 118, 'KARORENA POLDA DIY'),
(20171, 21805000, 171, 'KARO SDM POLDA DIY'),
(20172, 21805100, 172, 'KASUBBAGRENMIN RO SDM POLDA DIY'),
(20173, 21805100, 173, 'KAURREN SUBBAGRENMIN RO SDM POLDA DIY'),
(20174, 21805100, 174, 'KAURMIN SUBBAGRENMIN RO SDM POLDA DIY'),
(20175, 21805100, 175, 'KAURKEU SUBBAGRENMIN RO SDM POLDA DIY'),
(20176, 21805100, 176, 'KAURTU SUBBAGRENMIN RO SDM POLDA DIY'),
(20177, 21805100, 177, 'PAMIN 1 SUBBAGRENMIN RO SDM POLDA DIY'),
(20178, 21805100, 178, 'PAMIN 2 SUBBAGRENMIN RO SDM POLDA DIY'),
(20179, 21805100, 179, 'PAMIN 3 SUBBAGRENMIN RO SDM POLDA DIY'),
(20180, 21805100, 180, 'PAMIN 4 SUBBAGRENMIN RO SDM POLDA DIY'),
(20181, 21805100, 181, 'PAMIN 5 SUBBAGRENMIN RO SDM POLDA DIY'),
(20182, 21805100, 182, 'PAMIN 6 SUBBAGRENMIN RO SDM POLDA DIY'),
(20183, 21805100, 183, 'PAMIN 7 SUBBAGRENMIN RO SDM POLDA DIY'),
(20184, 21805100, 184, 'BAMIN/BANUM 1 SUBBAGRENMIN RO SDM POLDA DIY'),
(20185, 21805100, 185, 'BAMIN/BANUM 2 SUBBAGRENMIN RO SDM POLDA DIY'),
(20186, 21805100, 186, 'BAMIN/BANUM 3 SUBBAGRENMIN RO SDM POLDA DIY'),
(20187, 21805100, 187, 'BAMIN/BANUM 4 SUBBAGRENMIN RO SDM POLDA DIY'),
(20188, 21805100, 188, 'BAMIN/BANUM 5 SUBBAGRENMIN RO SDM POLDA DIY'),
(20193, 21805100, 193, 'PAMEN RO SDM POLDA DIY'),
(20194, 21805100, 194, 'PAMA RO SDM POLDA DIY'),
(20195, 21805100, 195, 'BRIGADIR RO SDM POLDA DIY'),
(20196, 21805100, 196, 'PNS RO SDM POLDA DIY'),
(20198, 21805100, 198, 'TAMTAMA RO SDM POLDA DIY'),
(20201, 21805200, 201, 'KABAGDALPERS RO SDM POLDA DIY'),
(20202, 21805200, 202, 'BAMIN/BANUM 1 BAGDALPERS RO SDM POLDA DIY'),
(20203, 21805200, 203, 'BAMIN/BANUM 2 BAGDALPERS RO SDM POLDA DIY'),
(20204, 21805200, 204, 'BAMIN/BANUM 3 BAGDALPERS RO SDM POLDA DIY'),
(20205, 21805200, 205, 'BAMIN/BANUM 4 BAGDALPERS RO SDM POLDA DIY'),
(20206, 21805200, 206, 'BAMIN/BANUM 5 BAGDALPERS RO SDM POLDA DIY'),
(20207, 21805200, 207, 'BAMIN/BANUM 6 BAGDALPERS RO SDM POLDA DIY'),
(20208, 21805210, 208, 'KASUBBAGDIAPERS BAGDALPERS RO SDM POLDA DIY'),
(20209, 21805210, 209, 'PAUR SUBBAGDIAPERS BAGDALPERS RO SDM POLDA DIY'),
(20210, 21805220, 210, 'KASUBBAGSELEK BAGDALPERS RO SDM POLDA DIY'),
(20211, 21805220, 211, 'PAUR SUBBAGSELEK BAGDALPERS RO SDM POLDA DIY'),
(20212, 21805230, 212, 'KASUBBAGSAHLUR BAGDALPERS RO SDM POLDA DIY'),
(20213, 21805230, 213, 'PAUR SUBBAGSAHLUR BAGDALPERS RO SDM POLDA DIY'),
(20214, 21805300, 214, 'KABAGBINKAR RO SDM POLDA DIY'),
(20215, 21805300, 215, 'BAMIN/BANUM 1 BAGBINKAR RO SDM POLDA DIY'),
(20216, 21805300, 216, 'BAMIN/BANUM 2 BAGBINKAR RO SDM POLDA DIY'),
(20217, 21805300, 217, 'BAMIN/BANUM 3 BAGBINKAR RO SDM POLDA DIY'),
(20218, 21805300, 218, 'BAMIN/BANUM 4 BAGBINKAR RO SDM POLDA DIY'),
(20219, 21805310, 219, 'KASUBBAGPANGKAT BAGBINKAR RO SDM POLDA DIY'),
(20220, 21805310, 220, 'PAUR SUBBAGPANGKAT BAGBINKAR RO SDM POLDA DIY'),
(20221, 21805320, 221, 'KASUBBAGMUTJAB BAGBINKAR RO SDM POLDA DIY'),
(20222, 21805320, 222, 'PAUR SUBBAGMUTJAB BAGBINKAR RO SDM POLDA DIY'),
(20223, 21805400, 223, 'KABAGWATPERS RO SDM POLDA DIY'),
(20224, 21805400, 224, 'BAMIN/BANUM 1 BAGWATPERS RO SDM POLDA DIY'),
(20225, 21805400, 225, 'BAMIN/BANUM 2 BAGWATPERS RO SDM POLDA DIY'),
(20226, 21805400, 226, 'BAMIN/BANUM 3 BAGWATPERS RO SDM POLDA DIY'),
(20227, 21805400, 227, 'BAMIN/BANUM 4 BAGWATPERS RO SDM POLDA DIY'),
(20228, 21805410, 228, 'KASUBBAGROHJAS BAGWATPERS RO SDM POLDA DIY'),
(20229, 21805410, 229, 'PAUR SUBBAGROHJAS BAGWATPERS RO SDM POLDA DIY'),
(20230, 21805420, 230, 'KASUBBAGRILMAT BAGWATPERS RO SDM POLDA DIY'),
(20231, 21805420, 231, 'PAUR SUBBAGRILMAT BAGWATPERS RO SDM POLDA DIY'),
(20232, 21805500, 232, 'KABAGPSI RO SDM POLDA DIY'),
(20233, 21805500, 233, 'BAMIN/BANUM 1 BAGPSI RO SDM POLDA DIY'),
(20234, 21805500, 234, 'BAMIN/BANUM 2 BAGPSI RO SDM POLDA DIY'),
(20235, 21805500, 235, 'BAMIN/BANUM 3 BAGPSI RO SDM POLDA DIY'),
(20236, 21805500, 236, 'BAMIN/BANUM 4 BAGPSI RO SDM POLDA DIY'),
(20237, 21805510, 237, 'KASUBBAGPSIPOL BAGPSI RO SDM POLDA DIY'),
(20238, 21805510, 238, 'PAUR SUBBAGPSIPOL BAGPSI RO SDM POLDA DIY'),
(20239, 21805520, 239, 'KASUBBAGPSIPERS BAGPSI RO SDM POLDA DIY'),
(20240, 21805520, 240, 'PAUR SUBBAGPSIPERS BAGPSI RO SDM POLDA DIY'),
(20241, 21806000, 241, 'KAROSARPRAS POLDA DIY'),
(34517, 21805200, 14517, 'ANALIS KEBIJAKAN MUDA BIDANG DALPERS RO SDM POLDA DIY'),
(34518, 21805200, 14518, 'ANALIS KEBIJAKAN PERTAMA BIDANG DALPERS RO SDM POLDA DIY'),
(34519, 21805200, 14519, 'BHAYANGKARA ADMINISTRASI PENYELIA BIDANG DALPERS RO SDM POLDA DIY'),
(34520, 21805200, 14520, 'BHAYANGKARA OPERASIONAL PENYELIA BIDANG DALPERS RO SDM POLDA DIY'),
(34521, 21805200, 14521, 'BHAYANGKARA ADMINISTRASI PELAKSANA BIDANG DALPERS RO SDM POLDA DIY'),
(34522, 21805200, 14522, 'BHAYANGKARA OPERASIONAL PELAKSANA BIDANG DALPERS RO SDM POLDA DIY'),
(34523, 21805200, 14523, 'BHAYANGKARA ADMINISTRASI PELAKSANA PEMULA BIDANG DALPERS RO SDM POLDA DIY'),
(34524, 21805200, 14524, 'BHAYANGKARA OPERASIONAL PELAKSANA PEMULA BIDANG DALPERS RO SDM POLDA DIY'),
(34525, 21805200, 14525, 'BHAYANGKARA ADMINISTRASI PELAKSANA LANJUTAN BIDANG DALPERS RO SDM POLDA DIY'),
(34526, 21805200, 14526, 'BHAYANGKARA OPERASIONAL PELAKSANA LANJUTAN BIDANG DALPERS RO SDM POLDA DIY'),
(34527, 21805300, 14527, 'ANALIS KEBIJAKAN MUDA BIDANG BINKAR RO SDM POLDA DIY'),
(34528, 21805300, 14528, 'ANALIS KEBIJAKAN PERTAMA BIDANG BINKAR RO SDM POLDA DIY'),
(34529, 21805300, 14529, 'BHAYANGKARA ADMINISTRASI PELAKSANA LANJUTAN BIDANG BINKAR RO SDM POLDA DIY'),
(34530, 21805300, 14530, 'BHAYANGKARA ADMINISTRASI PENYELIA BIDANG BINKAR RO SDM POLDA DIY'),
(34531, 21805300, 14531, 'BHAYANGKARA OPERASIONAL PENYELIA BIDANG BINKAR RO SDM POLDA DIY'),
(34532, 21805300, 14532, 'BHAYANGKARA ADMINISTRASI PELAKSANA BIDANG BINKAR RO SDM POLDA DIY'),
(34533, 21805300, 14533, 'BHAYANGKARA OPERASIONAL PELAKSANA BIDANG BINKAR RO SDM POLDA DIY'),
(34534, 21805300, 14534, 'BHAYANGKARA ADMINISTRASI PELAKSANA PEMULA BIDANG BINKAR RO SDM POLDA DIY'),
(34535, 21805300, 14535, 'BHAYANGKARA OPERASIONAL PELAKSANA PEMULA BIDANG BINKAR RO SDM POLDA DIY'),
(34536, 21805300, 14536, 'BHAYANGKARA OPERASIONAL PELAKSANA LANJUTAN BIDANG BINKAR RO SDM POLDA DIY'),
(34537, 21805400, 14537, 'ANALIS KEBIJAKAN MUDA BIDANG WATPERS RO SDM POLDA DIY'),
(34538, 21805400, 14538, 'ANALIS KEBIJAKAN PERTAMA BIDANG WATPERS RO SDM POLDA DIY'),
(34539, 21805400, 14539, 'BHAYANGKARA ADMINISTRASI PENYELIA BIDANG WATPERS RO SDM POLDA DIY'),
(34540, 21805400, 14540, 'BHAYANGKARA OPERASIONAL PENYELIA BIDANG WATPERS RO SDM POLDA DIY'),
(34541, 21805400, 14541, 'BHAYANGKARA ADMINISTRASI PELAKSANA BIDANG WATPERS RO SDM POLDA DIY'),
(34542, 21805400, 14542, 'BHAYANGKARA OPERASIONAL PELAKSANA BIDANG WATPERS RO SDM POLDA DIY'),
(34543, 21805400, 14543, 'BHAYANGKARA ADMINISTRASI PELAKSANA PEMULA BIDANG WATPERS RO SDM POLDA DIY'),
(34544, 21805400, 14544, 'BHAYANGKARA OPERASIONAL PELAKSANA PEMULA BIDANG WATPERS RO SDM POLDA DIY'),
(34545, 21805400, 14545, 'BHAYANGKARA ADMINISTRASI PELAKSANA LANJUTAN BIDANG WATPERS RO SDM POLDA DIY'),
(34546, 21805400, 14546, 'BHAYANGKARA OPERASIONAL PELAKSANA LANJUTAN BIDANG WATPERS RO SDM POLDA DIY'),
(34547, 21805500, 14547, 'ANALIS KEBIJAKAN PERTAMA BIDANG PSI RO SDM POLDA DIY'),
(34548, 21805500, 14548, 'ANALIS KEBIJAKAN MUDA BIDANG PSI RO SDM POLDA DIY'),
(34549, 21805500, 14549, 'BHAYANGKARA ADMINISTRASI PENYELIA BIDANG PSI RO SDM POLDA DIY'),
(34550, 21805500, 14550, 'BHAYANGKARA OPERASIONAL PENYELIA BIDANG PSI RO SDM POLDA DIY'),
(34551, 21805500, 14551, 'BHAYANGKARA ADMINISTRASI PELAKSANA BIDANG PSI RO SDM POLDA DIY'),
(34552, 21805500, 14552, 'BHAYANGKARA OPERASIONAL PELAKSANA BIDANG PSI RO SDM POLDA DIY'),
(34553, 21805500, 14553, 'BHAYANGKARA ADMINISTRASI PELAKSANA PEMULA BIDANG PSI RO SDM POLDA DIY'),
(34554, 21805500, 14554, 'BHAYANGKARA OPERASIONAL PELAKSANA PEMULA BIDANG PSI RO SDM POLDA DIY'),
(34555, 21805500, 14555, 'BHAYANGKARA ADMINISTRASI PELAKSANA LANJUTAN BIDANG PSI RO SDM POLDA DIY'),
(34556, 21805500, 14556, 'BHAYANGKARA OPERASIONAL PELAKSANA LANJUTAN BIDANG PSI RO SDM POLDA DIY');

-- --------------------------------------------------------

--
-- Table structure for table `t_pangkat`
--

CREATE TABLE `t_pangkat` (
  `id` int(8) NOT NULL DEFAULT '0',
  `c_kode` varchar(8) DEFAULT NULL,
  `c_golongan` varchar(8) DEFAULT NULL,
  `c_pangkat` varchar(32) DEFAULT NULL,
  `c_singkat` varchar(16) DEFAULT NULL,
  `c_alias` varchar(16) DEFAULT NULL
) ENGINE=InnoDB DEFAULT CHARSET=latin1;

--
-- Dumping data for table `t_pangkat`
--

INSERT INTO `t_pangkat` (`id`, `c_kode`, `c_golongan`, `c_pangkat`, `c_singkat`, `c_alias`) VALUES
(1, '01010000', '-', 'CAPEG', 'CAPEG', 'CAPEG'),
(11, '01011100', 'I/A', 'JURU MUDA', 'JURMUD', 'JURMUR'),
(12, '01011200', 'I/B', 'JURU MUDA TK.I', 'JURMUD I', 'JURMUR I'),
(13, '01011300', 'I/C', 'JURU', 'JURU', 'JURU'),
(14, '01011400', 'I/D', 'JURU TK.I', 'JURU I', 'JURU I'),
(21, '01012100', 'II/A', 'PENGATUR MUDA', 'PENGDA', 'PENGDA'),
(22, '01012200', 'II/B', 'PENGATUR MUDA TK.I', 'PENGDA I', 'PENGDA I'),
(23, '01012300', 'II/C', 'PENGATUR', 'PENGATUR', 'PENGATUR'),
(24, '01012400', 'II/D', 'PENGATUR TK.I', 'PENGATUR I', 'PENGATUR I'),
(31, '01013100', 'III/A', 'PENATA MUDA', 'PENDA', 'PENDA'),
(32, '01013200', 'III/B', 'PENATA MUDA TK.I', 'PENDA I', 'PENDA I'),
(33, '01013300', 'III/C', 'PENATA', 'PENATA', 'PENATA'),
(34, '01013400', 'III/D', 'PENATA TK.I', 'PENATA I', 'PENATA I'),
(41, '01014100', 'IV/A', 'PEMBINA MUDA', 'PEMBINA', 'PEMBINA'),
(42, '01014200', 'IV/B', 'PEMBINA MUDA TK.I', 'PEMBINA I', 'PEMBINA I'),
(43, '01014300', 'IV/C', 'PEMBINA UTAMA MUDA', 'PEMBMUDA', 'PEMBMUDA'),
(44, '01014400', 'IV/D', 'PEMBINA UTAMA MADYA', 'PEMBMADYA', 'PEMBMADYA'),
(45, '01014500', 'IV/E', 'PEMBINA UTAMA', 'PEMBUTAMA', 'PEMBUTAMA'),
(51, '01015100', 'I/A', 'BHAYANGKARA II', 'BHARADA', 'BHARADA'),
(52, '01015200', 'I/B', 'BHAYANGKARA I', 'BHARATU', 'BHARATU'),
(53, '01015300', 'I/B', 'BHAYANGKARA', 'BHARAKA', 'BHARA'),
(54, '01015400', 'I/C', 'AJUN BRIGADIR POLISI II', 'ABRIPDA', 'KOPDA'),
(55, '01015500', 'I/D', 'AJUN BRIGADIR POLISI I', 'ABRIPTU', 'KOPTU'),
(56, '01015600', 'I/D', 'AJUN BRIGADIR POLISI', 'ABRIP', 'KOPKA'),
(61, '01016100', 'II/A', 'BRIGADIR POLISI DUA', 'BRIPDA', 'SERDA'),
(62, '01016200', 'II/B', 'BRIGADIR POLISI SATU', 'BRIPTU', 'SERTU'),
(63, '01016300', 'II/C', 'BRIGADIR POLISI', 'BRIGADIR', 'SERKA'),
(64, '01016400', 'II/C', 'BRIGADIR POLISI KEPALA', 'BRIPKA', 'SERMA'),
(65, '01016500', 'II/D', 'AJUN INSPEKTUR POLISI II', 'AIPDA', 'PELDA'),
(66, '01016600', 'II/D', 'AJUN INSPEKTUR POLISI I', 'AIPTU', 'PELTU'),
(71, '01017100', 'III/A', 'INSPEKTUR POLISI II', 'IPDA', 'LETDA'),
(72, '01017200', 'III/B', 'INSPEKTUR POLISI I', 'IPTU', 'LETTU'),
(73, '01017300', 'III/C', 'AJUN KOMISARIS POLISI', 'AKP', 'KAPTEN'),
(81, '01018100', 'IV/A', 'KOMISARIS POLISI', 'KOMPOL', 'MAYOR'),
(82, '01018200', 'IV/B', 'AJUN KOMISARIS BESAR POLISI', 'AKBP', 'LETKOL'),
(83, '01018300', 'IV/C', 'KOMISARIS BESAR POLISI', 'KOMBES POL', 'KOLONEL'),
(91, '01019100', 'IV/D', 'BRIGADIR JENDERAL POLISI', 'BRIGJEN POL', 'BRIGJEN'),
(92, '01019200', 'IV/E', 'INSPEKTUR JENDERAL POLISI', 'IRJEN POL', 'MAYJEN'),
(93, '01019300', '-', 'KOMISARIS JENDERAL POLISI', 'KOMJEN POL', 'LETJEN'),
(94, '01019400', '-', 'JENDERAL POLISI', 'JENDERAL POL', 'JENDERAL');

-- --------------------------------------------------------

--
-- Table structure for table `t_pengajuan`
--

CREATE TABLE `t_pengajuan` (
  `id` int(11) NOT NULL,
  `id_user` int(11) NOT NULL,
  `id_user_rekan` int(11) NOT NULL,
  `id_user_pejabat` int(11) NOT NULL,
  `tanggal_pengajuan` date NOT NULL,
  `id_semester` int(11) NOT NULL,
  `status` varchar(255) NOT NULL,
  `alasan_tolak` text NOT NULL,
  `catatan_penilaian` text NOT NULL
) ENGINE=InnoDB DEFAULT CHARSET=latin1;

--
-- Dumping data for table `t_pengajuan`
--

INSERT INTO `t_pengajuan` (`id`, `id_user`, `id_user_rekan`, `id_user_pejabat`, `tanggal_pengajuan`, `id_semester`, `status`, `alasan_tolak`, `catatan_penilaian`) VALUES
(1, 1, 188, 182, '2019-01-01', 1, '', '', '');

-- --------------------------------------------------------

--
-- Table structure for table `t_penilaian_generik`
--

CREATE TABLE `t_penilaian_generik_rk` (
  `id` int(11) NOT NULL,
  `id_pengajuan` int(11) NOT NULL,
  `id_faktor_kinerja_generik` int(11) NOT NULL,
  `nilai` int(11) NOT NULL
) ENGINE=InnoDB DEFAULT CHARSET=latin1;

-- --------------------------------------------------------

-- --------------------------------------------------------

--
-- Table structure for table `t_penilaian_generik`
--

CREATE TABLE `t_penilaian_generik_pp` (
  `id` int(11) NOT NULL,
  `id_pengajuan` int(11) NOT NULL,
  `id_faktor_kinerja_generik` int(11) NOT NULL,
  `nilai` int(11) NOT NULL
) ENGINE=InnoDB DEFAULT CHARSET=latin1;

-- --------------------------------------------------------

--
-- Table structure for table `t_penilaian_spesifik`
--

CREATE TABLE `t_penilaian_spesifik` (
  `id` int(11) NOT NULL,
  `id_pengajuan` int(11) NOT NULL,
  `id_faktor_kinerja_spesifik` int(11) NOT NULL,
  `nilai` int(11) NOT NULL
) ENGINE=InnoDB DEFAULT CHARSET=latin1;

-- --------------------------------------------------------

--
-- Table structure for table `t_satker`
--

CREATE TABLE `t_satker` (
  `id` int(11) NOT NULL,
  `c_name` varchar(128) CHARACTER SET latin1 COLLATE latin1_general_ci DEFAULT NULL,
  `c_alias` varchar(128) CHARACTER SET latin1 COLLATE latin1_general_ci DEFAULT NULL,
  `c_singkat` varchar(128) DEFAULT NULL,
  `c_type` varchar(32) CHARACTER SET latin1 COLLATE latin1_general_ci DEFAULT NULL,
  `ref_satker` int(8) DEFAULT NULL
) ENGINE=InnoDB DEFAULT CHARSET=latin1;

--
-- Dumping data for table `t_satker`
--

INSERT INTO `t_satker` (`id`, `c_name`, `c_alias`, `c_singkat`, `c_type`, `ref_satker`) VALUES
(21800000, 'YOGYAKARTA', 'DIY', 'DIY', 'POLDA', NULL),
(21802000, 'IRWASDA', 'ITWASDA', 'ITWASDA', 'SUBPOLDA', 21800000),
(21802100, 'SUBBAGRENMIN', 'SUBBAGRENMIN', '', 'SUBPOLDA', 21802000),
(21802200, 'KASUBBAGDUMASAN', 'SUBBAGDUMASAN', '', 'SUBPOLDA', 21802000),
(21802300, 'IRBIDOPS', 'IRBIDOPS', '', 'SUBPOLDA', 21802000),
(21802400, 'IRBIDBIN', 'IRBIDBIN', '', 'SUBPOLDA', 21802000),
(21803000, 'ROOPS', 'ROOPS', 'ROOPS', 'SUBPOLDA', 21800000),
(21803100, 'KASUBBAGRENMIN', 'SUBBAGRENMIN', '', 'SUBPOLDA', 21803000),
(21803200, 'KABAGBINOPS', 'BAGBINOPS', '', 'SUBPOLDA', 21803000),
(21803210, 'KASUBBAGRENMINOPS BAGBINOPS', 'SUBBAGRENMINOPS BAGBINOPS', '', 'SUBPOLDA', 21803200),
(21803220, 'KASUBBAGKERMAOPS BAGBINOPS', 'SUBBAGKERMAOPS BAGBINOPS', '', 'SUBPOLDA', 21803200),
(21803300, 'KABAGBINLATOPS', 'BAGBINLATOPS', '', 'SUBPOLDA', 21803000),
(21803310, 'KASUBBAGRENLATOPS BAGBINLATOPS', 'SUBBAGRENLATOPS BAGBINLATOPS', '', 'SUBPOLDA', 21803300),
(21803320, 'KASUBBAGKERMALATOPS BAGBINLATOPS', 'SUBBAGKERMALATOPS BAGBINLATOPS', '', 'SUBPOLDA', 21803300),
(21803400, 'KABAGDALOPS', 'BAGDALOPS', '', 'SUBPOLDA', 21803000),
(21803410, 'KASUBBAGPULLAHJIANTA', 'SUBBAGPULLAHJIANTA', '', 'SUBPOLDA', 21803400),
(21803420, 'KASIAGA 1 BAGDALOPS', 'SIAGA 1 BAGDALOPS', '', 'SUBPOLDA', 21803400),
(21803430, 'KASIAGA 2 BAGDALOPS', 'SIAGA 2 BAGDALOPS', '', 'SUBPOLDA', 21803400),
(21803440, 'KASIAGA 3 BAGDALOPS', 'SIAGA 3 BAGDALOPS', '', 'SUBPOLDA', 21803400),
(21804000, 'RORENA', 'RORENA', 'RORENA', 'SUBPOLDA', 21800000),
(21804100, 'KASUBBAGRENMIN', 'SUBBAGRENMIN', '', 'SUBPOLDA', 21804000),
(21804200, 'KABAGSTRAJEMEN', 'BAGSTRAJEMEN', '', 'SUBPOLDA', 21804000),
(21804210, 'KASUBBAGSTRABANG BAGSTRAJEMEN', 'SUBBAGSTRABANG BAGSTRAJEMEN', '', 'SUBPOLDA', 21804200),
(21804220, 'KASUBBAGSISJEMEN BAGSTRAJEMEN', 'SUBBAGSISJEMEN BAGSTRAJEMEN', '', 'SUBPOLDA', 21804200),
(21804300, 'KABAGRENPROGAR', 'BAGRENPROGAR', '', 'SUBPOLDA', 21804000),
(21804310, 'KASUBBAGPROGR BAGRENPROGAR', 'SUBBAGPROGR BAGRENPROGAR', '', 'SUBPOLDA', 21804300),
(21804320, 'KASUBBAGGAR BAGRENPROGAR', 'SUBBAGGAR BAGRENPROGAR', '', 'SUBPOLDA', 21804300),
(21804400, 'KABAGDALPROGAR', 'BAGDALPROGAR', '', 'SUBPOLDA', 21804000),
(21804410, 'KASUBBAGDALPRO BAGDALPROGAR', 'SUBBAGDALPRO BAGDALPROGAR', '', 'SUBPOLDA', 21804400),
(21804420, 'KASUBBAGDALGAR BAGDALPROGAR', 'SUBBAGDALGAR BAGDALPROGAR', '', 'SUBPOLDA', 21804400),
(21804500, 'KABAGRBP', 'BAGRBP', '', 'SUBPOLDA', 21804000),
(21804510, 'KASUBBAGSISINFOLAP BAGRBP', 'SUBBAGSISINFOLAP BAGRBP', '', 'SUBPOLDA', 21804500),
(21804520, 'KASUBBAGKAJIANALISA BAGRBP', 'SUBBAGKAJIANALISA BAGRBP', '', 'SUBPOLDA', 21804500),
(21805000, 'RO SDM', 'RO SDM', 'ROSDM', 'SUBPOLDA', 21800000),
(21805100, 'KASUBBAGRENMIN', 'SUBBAGRENMIN', '', 'SUBPOLDA', 21805000),
(21805200, 'KABAGDALPERS', 'BAGDALPERS', '', 'SUBPOLDA', 21805000),
(21805210, 'KASUBBAGDIAPERS BAGDALPERS', 'SUBBAGDIAPERS BAGDALPERS', '', 'SUBPOLDA', 21805200),
(21805220, 'KASUBBAGSELEK BAGDALPERS', 'SUBBAGSELEK BAGDALPERS', '', 'SUBPOLDA', 21805200),
(21805230, 'KASUBBAGSAHLUR BAGDALPERS', 'SUBBAGSAHLUR BAGDALPERS', '', 'SUBPOLDA', 21805200),
(21805300, 'KABAGBINKAR', 'BAGBINKAR', '', 'SUBPOLDA', 21805000),
(21805310, 'KASUBBAGPANGKAT BAGBINKAR', 'SUBBAGPANGKAT BAGBINKAR', '', 'SUBPOLDA', 21805300),
(21805320, 'KASUBBAGMUTJAB BAGBINKAR', 'SUBBAGMUTJAB BAGBINKAR', '', 'SUBPOLDA', 21805300),
(21805400, 'KABAGWATPERS', 'BAGWATPERS', '', 'SUBPOLDA', 21805000),
(21805410, 'KASUBBAGROHJAS BAGWATPERS', 'SUBBAGROHJAS BAGWATPERS', '', 'SUBPOLDA', 21805400),
(21805420, 'KASUBBAGRILMAT BAGWATPERS', 'SUBBAGRILMAT BAGWATPERS', '', 'SUBPOLDA', 21805400),
(21805500, 'KABAGPSI', 'BAGPSI', '', 'SUBPOLDA', 21805000),
(21805510, 'KASUBBAGPSIPOL BAGPSI', 'SUBBAGPSIPOL BAGPSI', '', 'SUBPOLDA', 21805500),
(21805520, 'KASUBBAGPSIPERS BAGPSI', 'SUBBAGPSIPERS BAGPSI', '', 'SUBPOLDA', 21805500),
(21806000, 'ROSARPRAS', 'ROSARPRAS', 'ROSARPRAS', 'SUBPOLDA', 21800000),
(21806100, 'KASUBBAGRENMIN', 'SUBBAGRENMIN', '', 'SUBPOLDA', 21806000),
(21806200, 'KABAGINFOSARPRAS', 'BAGINFOSARPRAS', '', 'SUBPOLDA', 21806000),
(21806210, 'KASUBBAGMATLOG BAGINFOSARPRAS', 'SUBBAGMATLOG BAGINFOSARPRAS', '', 'SUBPOLDA', 21806200),
(21806220, 'KASUBBAGFASJAS BAGINFOSARPRAS', 'SUBBAGFASJAS BAGINFOSARPRAS', '', 'SUBPOLDA', 21806200),
(21806300, 'KABAGBEKUM', 'BAGBEKUM', '', 'SUBPOLDA', 21806000),
(21806310, 'KASUBBAG BBMP BAGBEKUM', 'SUBBAG BBMP BAGBEKUM', '', 'SUBPOLDA', 21806300),
(21806320, 'KASUBBAGKAPSINTOR BAGBEKUM', 'SUBBAGKAPSINTOR BAGBEKUM', '', 'SUBPOLDA', 21806300),
(21806400, 'KABAGPAL', 'BAGPAL', '', 'SUBPOLDA', 21806000),
(21806410, 'KASUBBAGALSUSANG BAGPAL', 'SUBBAGALSUSANG BAGPAL', '', 'SUBPOLDA', 21806400),
(21806420, 'KASUBBAGSENMU BAGPAL', 'SUBBAGSENMU BAGPAL', '', 'SUBPOLDA', 21806400),
(21806500, 'KABAGFASKON', 'BAGFASKON', '', 'SUBPOLDA', 21806000),
(21806510, 'KASUBBAGKONBANGTA BAGFASKON', 'SUBBAGKONBANGTA BAGFASKON', '', 'SUBPOLDA', 21806500),
(21806520, 'KASUBBAGPRASINTAL BAGFASKON', 'SUBBAGPRASINTAL BAGFASKON', '', 'SUBPOLDA', 21806500),
(21806600, 'URGUDANG', 'URGUDANG', '', 'SUBPOLDA', 21806000);

-- --------------------------------------------------------

--
-- Table structure for table `t_semester`
--

CREATE TABLE `t_semester` (
  `id` int(11) NOT NULL,
  `semster` varchar(255) NOT NULL,
  `awal_semester` date NOT NULL,
  `tengah_semester` date NOT NULL,
  `akhir_semester` date NOT NULL,
  `tahun` int(4) NOT NULL,
  `active` enum('true','false') NOT NULL
) ENGINE=InnoDB DEFAULT CHARSET=latin1;

--
-- Dumping data for table `t_semester`
--

INSERT INTO `t_semester` (`id`, `semster`, `awal_semester`, `tengah_semester`, `akhir_semester`, `tahun`, `active`) VALUES
(1, 'GANJIL 2019', '2019-01-01', '2019-03-01', '2019-06-30', 2019, 'true');

-- --------------------------------------------------------

--
-- Table structure for table `t_user`
--

CREATE TABLE `t_user` (
  `id` int(11) NOT NULL,
  `nama` varchar(100) NOT NULL,
  `nrp` varchar(50) NOT NULL,
  `password` varchar(100) NOT NULL,
  `ref_pangkat` int(11) NOT NULL,
  `ref_userlevel` int(11) NOT NULL,
  `gender` varchar(100) NOT NULL,
  `tempat_lahir` varchar(100) NOT NULL,
  `tanggal_lahir` date NOT NULL,
  `alamat` text NOT NULL,
  `no_telp` varchar(100) NOT NULL,
  `email` varchar(100) NOT NULL,
  `foto` varchar(200) NOT NULL,
  `ref_atasan` int(11) NOT NULL,
  `ref_satker` int(11) NOT NULL,
  `ref_jabatan` int(11) NOT NULL,
  `rekan_id` int(11) NOT NULL,
  `is_active` enum('0','1') NOT NULL DEFAULT '1',
  `last_login` varchar(255) NOT NULL
) ENGINE=InnoDB DEFAULT CHARSET=latin1;

--
-- Dumping data for table `t_user`
--

INSERT INTO `t_user` (`id`, `nama`, `nrp`, `password`, `ref_pangkat`, `ref_userlevel`, `gender`, `tempat_lahir`, `tanggal_lahir`, `alamat`, `no_telp`, `email`, `foto`, `ref_atasan`, `ref_satker`, `ref_jabatan`, `rekan_id`, `is_active`, `last_login`) VALUES
(1, 'admin', 'admin', '985ce49f2aa111c8d04d2a5a3ca9849e05cf4f7d', 31, 1, 'laki-laki', 'sleman', '0000-00-00', 'POLDA DIY', '000', 'admin@smkpolri.go.id', '', 0, 0, 0, 0, '1', '2019-01-01 21:06:23'),
(147, 'Drs. ZAINAL ARIFIN, S.H., S.St.Mk.', '63121115', 'e39184dab6e2ae40101b7c2855c9daa3cfbae642', 82, 2, 'Pria', 'BOYOLALI', '1963-12-24', 'JL PALAGAN TP REJODANI SARIHARJO NGAGLIK SLEMAN YKA', '08122607419', '', '', 0, 21819000, 20223, 0, '1', ''),
(177, 'PRIHATIN GANJAR LESTARI', '70040277', '782ebcddceafd0aa1e88b3adc5d3a6bb761aacdd', 66, 2, 'Wanita', 'KULON PROGO', '1970-04-11', 'SALAKAN RT . 2 RW 26 TRIHARJO GAMPING SLEMAN', '08157934555', '', '', 0, 21805000, 20185, 0, '1', ''),
(182, 'SUDARTO', '60040541', '4abb53048078afcbe102a6db20860cd6e250df7c', 66, 2, 'Pria', 'CILACAP', '1960-04-14', 'NGANTI RT 01 RW 07 SEBDANGADI MLATI SLEMAN', '081328702093', '', '', 0, 21805000, 20183, 0, '1', ''),
(188, 'SUSILO PURWANTO', '75030398', '1ed9ccfbe401e7d31d925b59268b80a87b878bba', 66, 2, 'Pria', 'SLEMAN', '1975-03-23', 'BALONG RT 3 RW 19 BIMOMARTANI NGEMPLAK SLEMAN', '081328777576', '', '', 0, 21805000, 20188, 0, '1', ''),
(190, 'ARIFIN', '77020635', 'aab8115101dc8b4573721a94b5ae7637e4018179', 65, 2, 'Pria', 'MADIUN', '1977-02-28', 'JL. GLAGAH SARI NO. 68  RT 9 RW 2 KELWARUNGBOTO UMBULHARJO YOGYAKARTA', '081227519598', '', '', 0, 21805000, 34521, 0, '1', ''),
(192, 'RASTIWI', '81120260', '2635451d798757d9f94a3878d3c2814eb02d1d7a', 64, 2, 'Wanita', 'KARANGANYAR', '1981-12-03', 'KARANG PLOSO RT 02/59 MAGUWOHARJO DEPOK SLEMAN', '08121592739', '', '', 0, 21805000, 34521, 0, '1', ''),
(193, 'KRISNA HARAHAP, A.Md.', '80101247', 'bb5e95c38b138b7255cad70a814a0e10f253bad1', 64, 2, 'Pria', 'SLEMAN', '1980-10-02', 'KENDITAN MERDIKOREJO TEMPEL SLEMAN YKA', '081804301430', '', '', 0, 21805000, 34521, 0, '1', ''),
(196, 'ARWAN SATRIYO SEJATI, S.Pd.', '81081325', 'a91c2ff089daf9cc6d507d44a58eb56d1927698b', 64, 2, 'Pria', 'YOGYAKARTA', '1981-08-11', 'KEPARAKAN LOR MG I / 800 YOGYAKARTA', '081227016969', '', '', 0, 21805000, 34541, 0, '1', ''),
(198, 'TRI PUJO SANTOSO, S.H.', '85030114', '3f34c355f982b9766e419c1aa7080c7aa9573d3f', 64, 2, 'Pria', 'GUNUNGKIDUL', '1985-03-11', 'KEMBANG RT 03 RW 01 MAGUWOHARJO DEPOKSLEMAN', '081392036602', '', '', 0, 21805000, 34521, 0, '1', ''),
(203, 'PURWANTA, S.I.Kom', '72020249', '875cf46d84d0fc4093b8a552614f307955e43be6', 64, 2, 'Pria', 'KULON PROGO', '1972-02-03', 'PERUM KELAPA GADING  ASRI BLOK E.2 RT05/RW02 KEMLOKO,MARGOREJO,TEMPEL,SLEMAN,YOGYAKARTA', '081392686378', '', '', 0, 21805000, 34541, 0, '1', ''),
(217, 'WISNU JAKA SAPUTRA, S.H., S.IP., M.M.', '77010032', '5531c048e8d1c8fc6869a14b6e042e187dcd6a72', 73, 2, 'Pria', 'SRAGEN', '1977-01-13', 'RING ROAD SELATAN NO 49 TAMBAK RT 1 TAMANAN, BANGUNTAPAN, BANTUL', '081328000057', '', '', 0, 21805000, 20222, 0, '1', ''),
(225, 'BAMBANG SUBAGYO', '196003181985011000', '6a1e1cfd69498ee285fdae681ef354ed33566b28', 32, 2, 'Pria', 'YOGYAKARTA', '1960-03-18', 'GOWONGANKIDUL JT 3/427 YOGYAKARTA 55322', '08122789272', '', '', 0, 21805000, 20229, 0, '1', ''),
(231, 'MUHTAR EFENDI, S.Psi., M.Psi.Psikolog.', '78010181', '2124be9b3d4e1f1aee57400e23b90390aa84be30', 73, 2, 'Pria', 'MADIUN', '1978-01-18', 'PRIYAN RT 07/12 TRIRENGGO BANTUL', '081335259996/7858981', '', '', 0, 21807000, 20237, 0, '1', ''),
(234, 'DEWI UTAMI', '197409041995032000', '7a4bc8e8f070d543ee3925eefc75d841b4abff71', 32, 2, 'Wanita', 'SLEMAN', '1974-09-04', 'MAREDAN SENDANGTIRTO BERBAH SLEMAN', '085242806646', '', '', 0, 21805000, 20182, 0, '1', ''),
(235, 'PURHADI, S.Kom.', '197607012006041000', 'c07e4da4418ee673eb9314dabb1df3a8679a76d4', 33, 2, 'Pria', 'PATI', '1976-07-01', 'JLN KAUMAN UTARA NO 42 WONOSOBO', '081392800233 ', '', '', 0, 21805000, 20175, 0, '1', ''),
(278, 'SUYADI, S.H.', '197104062002121000', '5b37f4024ccd1ed619675cf3d6b1ad773d487e0b', 34, 2, 'Pria', 'BANTUL', '1971-04-06', 'KARANGANOM RT 01, WONOKROMO, PLERET, BANTUL, YKA', '081392008583', '', '', 0, 21807000, 20213, 0, '1', ''),
(2014, 'SAHRIN, S.sos.I', '197807072014121000', '48a104be8daf092c0305c4b8b7c263ef55a7713e', 21, 2, 'Pria', 'LAMPUNG', '1978-07-07', 'KRUWET 05/06,SUMBERAGUNG, MOYUDAN, SLEMAN,D.I. YOGYAKARTA', '081227819741', '', '', 0, 21800000, 20196, 0, '1', ''),
(2016, 'KENCIS WIWIN NURYANINGSIH, A.md.', '198201132014122000', '38fefab5bb3a8cf51f8b31adb7924a17d62bcaf5', 21, 2, 'Wanita', 'KEDIRI', '1982-01-13', 'KEPUH PERMAI BLOK B 1 NO.7 WEDOMARTANI NGEMPLAK SLEMAN DIY', '081392281281', '', '', 0, 21800000, 20196, 0, '1', ''),
(2018, 'UNTUNG PRIYONO, S.IP.', '198210202014121000', '20ace8bc05ed347935b440a544d11d558ce78e5f', 21, 2, 'Pria', 'BANJARMASIN', '1982-10-20', 'NGINO XI,003/030, MARGOAGUNG, SEYEGAN, SLEMAN, DIY', '085743835749/082134549102', '', '', 0, 21800000, 20217, 0, '1', ''),
(2020, 'HERIYANTO', '198511092014121000', '7af9444225c82c67624d3040f8c6fb8c6722bd4c', 21, 2, 'Pria', 'MAGELANG', '1985-11-09', 'GLAGAHOMBO,PONDOKREJO,TEMPEL,SLEMAN', '081904021486/085743002333', '', '', 0, 21800000, 20196, 0, '1', ''),
(6208, 'BAMBANG SUHARIYANTO', '68020049', 'a31935744cefc67ab1603ced96641c2d3ea7feaa', 81, 2, 'Pria', 'KULONPROGO', '1968-02-15', 'GANDU RT 22 RW 12 NOMPOREJO GALUR KLP', '085228847474', '', '', 0, 21851000, 20210, 0, '1', ''),
(7651, 'IMAM SAPINGI, S.H.', '66010169', 'c8751ea23c70ffe2e5742939cf4b2f1b2b91a338', 81, 2, 'Pria', 'BLITAR', '1966-01-01', 'SANGGRAHAN Rt.03/15 TIRTOADI MLATI SLEMAN', '0274-6898565', '', '', 0, 21854001, 20228, 0, '1', ''),
(8178, 'DANAR ARIFIN, S.Psi.', '87100382', 'fc2e91f2e9387e47fa15c12e4027507577cfa98a', 63, 2, 'Pria', 'SLEMAN', '1987-10-22', 'KRAMATAN RT08/RW13 KEL NOGOTIRTO KEC GAMPING KAB SLEMAN YOGYAKARTA', '085643318607', '', '', 0, 21811000, 34551, 0, '1', ''),
(8561, 'Rr. ENY PUJIASTUTI, S.Psi.', '66040473', 'c3432e7dfa19e8fa3fcab9030ad794abe017cdb3', 81, 2, 'Wanita', 'YOGYAKARTA', '1966-04-20', 'KLEDOKAN CT XIX BLOK A NO 32 RT 02/01 DEPOK SLEMAN', '0818277927', '', '', 0, 21807000, 20239, 0, '1', ''),
(8626, 'BUDIYONO', '60030696', 'da24f651872d315bdfecce10787d01b896876638', 81, 2, 'Pria', 'SLEMAN', '1960-03-02', 'GENDUKAN BOKOHARJO PRAMBANAN SLEMAN', '085786241662', '', '', 0, 21817000, 20172, 0, '1', ''),
(9666, 'SUPANDI', '196609191989031000', 'f55e8453a685995b27ef7381942b26da1fc7770e', 24, 2, 'Pria', 'SLEMAN', '1966-09-19', 'SOROGENEN II RT 5 RW 2 DESA PURWOMARTANI KEC KALASAN SLEMAN', '085729261814', '', '', 0, 21805000, 34551, 0, '1', ''),
(9668, 'SUKENDAR', '197112012003121000', '4933e118b8db0875ba30f749819c2b52fd3c92ea', 22, 2, 'Pria', 'KULON PROGO', '1971-01-12', 'RT 01 DUKUH IX SONOPAKIS LOR, NGESTIHARJO, KASIHAN BANTUL', '081904280767', '', '', 0, 21805000, 34543, 0, '1', ''),
(9669, 'RIBUT WIDODO, S.E.', '197405202002121000', 'e39081573bd3c90dad3881ec2a69ed0dfe04446e', 33, 2, 'Pria', 'BANTUL', '1974-05-20', 'BAGAN III D SANDEN BANTUL', '0274 785413', '', '', 0, 21805000, 20174, 0, '1', ''),
(9674, 'DIDIK WAHYU SETYAWAN', '198107172003121000', '7f652e386d7403ec8668e651e56bc989cec1a449', 32, 2, 'Pria', 'BANTUL', '1981-07-17', 'KADIBESO SABDODADI BANTUL YKA', '0815 688 4286', '', '', 0, 21805000, 20178, 0, '1', ''),
(10297, 'MUHAMAD NURHARYADI, S.Psi., S.H., M.H.', '86120377', 'd45efbcc847c36b1c3501cdf37415e1ef99f252a', 64, 2, 'Pria', 'TANGERANG', '1986-12-04', 'KALIASIN, MOROREJO 02/17, TEMPEL, SLEMAN, YKA', '082227281945', '', '', 0, 21820000, 34551, 0, '1', ''),
(10337, 'NUGROHO BAYU SETIAWAN, S.Kom.', '86061845', '1cd721eae54847ddb5024f7bddcce03943e6c6ef', 63, 2, 'Pria', 'BANTUL', '1986-06-23', 'PATEN RT. 16 SUMBERAGUNG JETIS BANTUL YOGYAKARTA', '085640813324', '', '', 0, 21805000, 34532, 0, '1', ''),
(10371, 'PUSPO NUGROHO', '88050124', '54db6d66d04e72931c609746dd833f062c62a463', 63, 2, 'Pria', 'SLEMAN', '1988-05-05', 'REJODANI UMBULMARTANI NGEMPLAK SLEMAN YOGYAKARTA', '085643313339', '', '', 0, 21805000, 34532, 0, '1', ''),
(11026, 'NANA KUSWIDIYANTO, S.Psi.', '89040385', 'fdd9435c801eaeda755d64e84ddde37320312743', 63, 2, 'Pria', 'INDRAMAYU', '1989-04-11', 'ASPOL PATHOK NG I 596/B RT 30 RW 06 NGAMPILAN YKA', '082233009918', '', '', 0, 21820000, 34551, 0, '1', ''),
(11105, 'ABDUL ROCHMAN, S.Ag.', '71100517', '33a15eac78ef3d9c496c804eabacce4805e5f715', 81, 2, 'Pria', 'BOYOLALI', '1971-10-13', 'BANJAR DADAP RT 03 / RW 04 POTORONO BANGUNTAPAN BANTUL', '085743437845', '', '', 0, 21818000, 20230, 0, '1', ''),
(11188, 'AMIN KASHARTADI, S.Pd.', '80051308', 'cf3b64230af468e750a97eb3ba9face51ed47ef1', 64, 2, 'Pria', 'YOGYAKARTA', '1980-05-14', 'WIYORO LOR RT 4 BATURETNO BANGUNTAPAN BANTUL', '0817 944 0706', '', '', 0, 21805000, 34541, 0, '1', ''),
(11190, 'ANDY ARCIANA DODIK SETYAWAN SUKMA, S.Psi.', '88100109', 'd928237e8bc22221e810562074f4d664a388b59b', 63, 2, 'Pria', 'GUNUNG KIDUL', '1988-10-14', 'JL.Garuda Gg.Anggrek Jaranan 6/39 Babatan Banguntapan Bantul Yka', '08995044470', '', '', 0, 21805000, 34551, 0, '1', ''),
(11194, 'HERI YUGO PUSDIANTO, S.H.', '65090388', '05d3c967ac2ea206c8d72587f9a8b119c0bd2fa0', 81, 2, 'Pria', 'BANDUNG', '1965-09-25', 'BIBIS 02/1 LUMBUNG REJO TEMPEL SLEMAN YOGYAKARTA', '081328416360', '', '', 0, 21805000, 20208, 0, '1', ''),
(11851, 'NUR WIJAYANTO, S.Kom', '198306042009121000', '32ff7fbdd33c34e21b59907ed3229e650de588d8', 24, 2, 'Pria', 'YOGYAKARTA', '1983-06-04', 'KRAGILAN XIV RT 04 RW 31 SIDOLUHUR GODEAN SLEMAN', '08157973052', '', '', 0, 21805000, 20184, 0, '1', ''),
(11904, 'PURWANI DIJAH UTAMI, S.H.', '197212232008102000', 'd24c805b4fcff43b05512e6a5ac5571af5c8fdd8', 32, 2, 'Wanita', 'BOYOLALI', '1972-12-23', 'GEJAYAN 16 A RT 2 RW 1 SANTREN CATURTUNGGAL DEPOK SLEMAN', '081225144197', '', '', 0, 21805000, 20180, 0, '1', ''),
(11963, 'SULISTIYONO, S.Pd.', '71020317', '43c11fb285a536de24c764a080a17cefdfb03cd9', 82, 2, 'Pria', 'PACITAN', '1971-02-21', 'PERUM GRIYA WIRABUANA , JLN CANGKRINGAN KM 2 SLEMAN YKA', '081371010909', '', '', 0, 21805000, 20232, 0, '1', ''),
(12080, 'KARTIKA MADYARATRI, S.Kom., M.M.', '197706182011012000', 'fceced9cb2622dea4a52a0e5f9f7d1dc08386f7c', 24, 2, 'Wanita', 'SURAKARTA', '1977-06-18', 'PERUM SONGGOLANGIT JLN EMPU DARMAJA 16 GENTAN T 03/05 BAKI SUKOHARJO', '081225493789', '', '', 0, 21805000, 34541, 0, '1', ''),
(12085, 'WAHYU ESTIKOMAH, A.Md.', '197905082011012000', 'd6daa55626916ce5b9d76f90d267a293f3cf75cf', 24, 2, 'Wanita', 'WONOSOBO', '1979-05-08', 'PERUM SLEMAN PERMAI II BLOK C-3 TRIDADI SLEMAN', '082138912650', '', '', 0, 21805000, 34532, 0, '1', ''),
(12087, 'DESTYANA DYAH UTAMI, S.I.Kom', '198912132011012000', '84d50639f14a1c7f2181253ce2b37c239582d10e', 24, 2, 'Wanita', 'TEGAL', '1989-12-13', 'JL. KALIURANG KM 8,5 SLEMAN YOGYAKARTA', '088216203161', '', '', 0, 21805000, 34521, 0, '1', ''),
(12089, 'M. MISHBAKHUL ATQIYA, S.Kom.', '198706232011011000', '8d11bbff02b0fa9759b7e0a5ec58149e8ae9097a', 24, 2, 'Pria', 'SRAGEN', '1987-06-23', 'KAUMAN RT02/ GEMOLONG SRAGEN JATENG', '085640541835', '', '', 0, 21805000, 34521, 0, '1', ''),
(12138, 'HENNI PERTIWI, S.H.', '196910212002122000', '9f9be180eaa4d32b901dc5491d3bbe5268fd9a72', 34, 2, 'Wanita', 'MAGELANG', '1969-10-21', 'PERUM HARMONI ALAM PUSPA A/7 MLATI SLEMAN', '085246501999', '', '', 0, 21805000, 20176, 0, '1', ''),
(12155, 'KARINA AYUNANI ISTIKA DEWI, S.H.', '92120029', '1fbda5cea6b6645dee94087c9c503715eb6f2d89', 62, 2, 'Wanita', 'KULONPROGO', '1992-12-29', 'GEDONGAN RT.01 RW.04, SINDUADI, MLATI, SLEMAN', '082225748692', '', '', 0, 21811000, 34523, 0, '1', ''),
(12355, 'THERESIA DWI A., M.Psi.', '81101269', 'f693f7b01775425d7e3c803396cb614124429679', 73, 2, 'Wanita', 'TEGAL', '1981-10-16', 'JL DELIMA RAYA NO 10 CONDONG CATUR SLEMAN', '081326994754', '', '', 0, 21805000, 20240, 0, '1', ''),
(12376, 'M. TAUFIK ANWAR H., S.H.', '81090286', '06784e912f4e0827112eae19920c1fc635acd024', 73, 2, 'Pria', 'SLEMAN', '1981-09-30', 'NGLAHAR SUMBERSARI MOYUDAN SLEMAN YOGYAKARTA', '082195818736', '', '', 0, 21805000, 20209, 0, '1', ''),
(12463, 'DHONY WAHYU NUGROHO, S.Pd.', '89110549', '4c262eb7941acb97491bfa3ee97b1be92f54d152', 62, 2, 'Pria', 'SLEMAN', '1989-11-11', 'PENCARSARI RT 02 RW 22 SARDONOHARJO NGAGLIK SLEMAN', '082134289955', '', '', 0, 21820000, 34543, 0, '1', ''),
(12498, 'FANNKY ANI SUGIHARTO, S.I.K., M.Si.', '77020772', 'ebdde06b1c6e06204e4b9d3e8d06e36fffdc12ce', 82, 2, 'Pria', 'SALATIGA', '1977-02-27', 'JL.NGENTAK 8 B KEWAYUAN, MAGELANG', '6.2813383381e+012', '', '', 0, 21805000, 20201, 0, '1', ''),
(12665, 'SYAMSUL ANBIYA', '93060081', '33e3856727f52c17b749a5e1ec1d2dae0b7c0095', 52, 2, 'Pria', 'WONOSOBO', '1993-06-10', 'JL. GADUNG NO. 48 RT 03 RW 01 KARANGGGAYAM CT VIII DEPOK SLEMAN', '085 799 035 036', '', '', 0, 21805000, 34534, 0, '1', ''),
(12673, 'WAWAN TRIWIBOWO', '86070362', '6b7f75f011e93caee7d087be5cef8388e534c2d8', 63, 2, 'Pria', 'KULON PROGO', '1986-07-05', 'GENDU RT 103/25 JATIMULYO GIRIMULYO KULONPROGO YOGYAKARTA', '087839181520', '', '', 0, 21805000, 34521, 0, '1', ''),
(62070101, 'DWI YANI PRAYITNA', '62070314', 'bf270648aceee9bf27040c4a160fff3cc539b273', 81, 2, 'Pria', 'KEBUMEN', '1962-07-01', 'PERUM BALAI MULIA BLOK G 78, KRONGGAHAN, MLATI, SLEMAN, YKA', '081346656889', '', '', 0, 21800000, 20212, 0, '1', ''),
(71072001, 'TRI SULAKSONO, S.E.', '197107202009121000', '44b329c9f4ab5d3fdbfa9f2858ed43eacb915800', 32, 2, 'Pria', 'JAKARTA', '1971-07-20', 'PERUM SIDOARUM BLOK III RT 3 GODEAN SLEMAN DIY', '081316930148', '', '', 0, 21800000, 20181, 0, '1', ''),
(72110901, 'H. NAZIRWAN ADJI WIBOWO, S.I.K., M.Si.', '72110330', '1f4061c8bbf80baa994b2dc6b68693b84ee0086c', 83, 2, 'Pria', 'SEMARANG', '1972-11-09', 'ASPOL POLRES KLATEN', '08127529494', '', '', 0, 21800000, 20171, 0, '1', ''),
(72122601, 'ARDIANSYAH, S.H.', '72120663', 'a5c31255855baf4da7d92c1f3abb770956df5b6e', 81, 2, 'Pria', 'PRABUMULIH', '1972-12-26', 'GRIYA PRIMA LESTARI BLOK S-2 BALIKPAPAN', '081346270658', '', '', 0, 21800000, 20219, 0, '1', ''),
(74010401, 'YANU ARIYANTO, S.KOM', '197401042008121000', 'fafbd4b6be36a7abb260cf036031fd645b16b061', 33, 2, 'Pria', 'YOGYAKARTA', '1974-01-04', 'MOJOSARI RT.01 BATURETNO BANGUNTAPAN BANTUL', '081227399314', '', '', 0, 21800000, 20220, 0, '1', ''),
(77081801, 'SODIKIN FAHROJIN NUR, S.I.K.', '77081246', '603224cf87de9c148a164ba00a6ee5465e312851', 81, 2, 'Pria', 'CIANJUR', '1977-08-18', 'SINGOSUTAN RT 12/42 MAGUWOHARJO SLEMAN', '081266148028', '', '', 0, 21800000, 20221, 0, '1', ''),
(78121201, 'NICOLAS DEDY ARIFIANTO, S.I.K., M.H.', '78120912', '7d08a65d13b94cd2e521973a655247b607b14d9f', 82, 2, 'Pria', 'PURWOREJO', '1978-12-12', 'YOGYAKARTA', '08112632000', '', '', 0, 21800000, 20214, 0, '1', ''),
(80120701, 'NUR SAHID, A.Md.', '198012072009121000', 'ad01dfd9a1c5e8a92a88f9f7eb0542c82a995992', 24, 2, 'Pria', 'DEMAK', '1980-12-07', 'KALANGAN BATURETNO RT 06 BANGUNTAPAN BANTUL', '081215947984', '', '', 0, 21800000, 20218, 0, '1', ''),
(81061701, 'MUHAMMAD WAHYU BOWO, S.E.', '198106172008121000', '01fd137a058135b8d7c4cdf742bc319fdcb2171a', 33, 2, 'Pria', 'KLATEN', '1981-06-17', 'WADUNGGETAS WONOSARI KLATEN JATENG', '085242749410', '', '', 0, 21800000, 20173, 0, '1', ''),
(81080801, 'FITRIA YULISTIANI, A.Md.', '198108082009122000', 'b9a1ab5c8543b35e950b7989ff85af816a881843', 24, 2, 'Wanita', 'SLEMAN', '1981-08-08', 'POMBAH RT 03/06 MOROREJO TEMPEL SLEMAN YOGYAKARTA', '081319377898', '', '', 0, 21800000, 20196, 0, '1', ''),
(81101802, 'WINARNI', '81100428', '17930077c9fc3d5f5e4ac6e712f441455d5bc5c4', 64, 2, 'Wanita', 'SURABAYA', '1981-10-18', 'PAJANGAN RT 02 RW 33 SUMBERAGUNG MOYUDAN SLEMAN DIY', '081250194064', '', '', 0, 21800000, 34541, 0, '1', ''),
(83082901, 'LANDI SYAFIADMOKO', '83080990', '75c52841ffba2fe0450a6828d9a9335f99a9706a', 64, 2, 'Pria', 'SINGKAWANG', '1983-08-29', 'JABUNG NO. 3 RT 01/38,PANDOWOHARJO,SLEMAN,SLEMAN YOGYAKARTA', '085787880280/081256120055', '', '', 0, 21854000, 34532, 0, '1', ''),
(83091601, 'TAUFIK ISMAIL, S.S.', '198309162011011000', '49cbf59322bfd7f97e709c0ec1f74f48eae13df9', 32, 2, 'Pria', 'YOGYAKARTA', '1983-09-16', 'PAJANGAN RT 003 RW 034 SUMBERAGUNG MOYUDAN SLEMAN', '085725741071', '', '', 0, 21800000, 20231, 0, '1', ''),
(83091602, 'IBNU KUSDIYANTO, A.Md.', '198309162011011000', '49cbf59322bfd7f97e709c0ec1f74f48eae13df9', 24, 2, 'Pria', 'LEBAK', '1983-09-16', 'SANGONAN 02/21, SIDOREJO, GODEAN, SLEMAN, YOGYAKARTA', '081328784085', '', '', 0, 21800000, 34532, 0, '1', ''),
(85021501, 'NICHOLAS KUS INDRA NUGRAHA', '85020172', 'ef802c0e9b7fd9966691dedbdad03b028fa22cb4', 64, 2, 'Pria', 'JAKARTA', '1985-02-15', 'REWULU KULON 02/22 SIDOKERTO, GODEAN, SLEMAN, DIY', '02187797968/081311024034/081289070765', '', '', 0, 21800000, 20195, 0, '1', ''),
(86072301, 'MUHAMMAD RIDWAN KURNIAWAN, A.Md.', '198607232008121000', 'cb543b284b63133810c1bd20fa4f586f514f0992', 31, 2, 'Pria', 'SLEMAN', '1986-07-23', 'KALIJERUK I, RT/RW 002/003 WIDOMARTANI NGEMPLAK SLEMAN DIY', '085210527066', '', '', 0, 21800000, 20177, 0, '1', ''),
(86092801, 'HANNA MARLINDA PHASA, S.I.K.', '86091792', '5baa25549a6ef95740a2a9562dfbb82875f59d34', 73, 2, 'Wanita', 'BENGKULU', '1986-09-28', 'PERUM. PONDOK PERMAI BANGUNTAPAN NO. F3 JL. RAYA PLERET, POTORONO, BANGUNTAPAN, BANTUL', '081362712007-082127367522', '', '', 0, 21800000, 20211, 0, '1', ''),
(92111001, 'ROSALIA NOVALIANA, S.Psi.', '92110899', '34ca95471e4a9ac36d379a225eb0bcb4150473bf', 71, 2, 'Wanita', 'MALANG', '1992-11-10', 'PERUM TAMAN SEMAWAN INDAH JL. DHARMA PERMAI IV D5/12 KALIDERES JAKBAR', '082113871807', '', '', 0, 21800000, 20238, 0, '1', ''),
(95110437, 'TITO SATRIA PERDANA, S.I.K.', '90010391', '590fa2f38b83831b7e0add83292df45d44c18f73', 72, 2, 'Pria', 'SURAKARTA', '1990-01-18', 'JLN TEMBALANG SELATAN I NO.20 SEMARANG', '082221221445', '', '', 0, 21800000, 20179, 0, '1', ''),
(95111801, 'IXBAL YUHANA', '95110408', '74f0d3cedb8c324de2646d4ae7d977c7c7eaae02', 61, 2, 'Pria', 'GUNUNG KIDUL', '1995-11-18', 'DURUNGAN RT 47 RW 22 WATES KULON PROGO', '08156569069', '', '', 0, 21822100, 20195, 0, '1', ''),
(96020601, 'FEBI ADHITYA PRAMUNDITA', '96020079', 'c6dc778cebb964a3387e81b2857d712b90b382ae', 61, 2, 'Pria', 'BANTUL', '1996-02-06', 'NOGOSARI RT 07 TRIRENGGO BANTUL YOGYAKARTA', '085747111256', '', '', 0, 21822100, 20195, 0, '1', ''),
(97070707, 'ANANG WASKITO ADI, A.Md.', '198408202009121000', 'd83a80459b261f1b142b717324070bf5a61bd195', 24, 2, 'Pria', 'SURAKARTA', '1984-08-20', 'MARGOREJO RT 01 RW 04 BANYUANYAR BANJARASARI SURAKARTA', '081329190629', '', '', 0, 21800000, 20196, 0, '1', ''),
(97070724, 'DWI INDAH LESTARI, A.Md.', '198803092011012000', '4f1bea76c8c6dafd1dfb6bd62e7d09e3badea374', 24, 2, 'Wanita', 'BLORA', '1988-03-09', 'JL. PALAGAN TENTARA PELAJAR KM. 12.5 GONDANG LUTUNG DONO HARJO NGAGLIK SLEMAN YOGYAKARTA', '085290365900', '', '', 0, 21800000, 34521, 0, '1', '');

-- --------------------------------------------------------

--
-- Table structure for table `t_userlevel`
--

CREATE TABLE `t_userlevel` (
  `id` int(11) NOT NULL,
  `nama` varchar(100) NOT NULL,
  `divisi` varchar(100) NOT NULL
) ENGINE=InnoDB DEFAULT CHARSET=latin1;

--
-- Dumping data for table `t_userlevel`
--

INSERT INTO `t_userlevel` (`id`, `nama`, `divisi`) VALUES
(1, 'Admin', ''),
(2, 'User', ''),
(3, 'Admin Satker', '');

--
-- Indexes for dumped tables
--

--
-- Indexes for table `t_faktor_kinerja_generik`
--
ALTER TABLE `t_faktor_kinerja_generik`
  ADD PRIMARY KEY (`id`);

--
-- Indexes for table `t_faktor_kinerja_spesifik`
--
ALTER TABLE `t_faktor_kinerja_spesifik`
  ADD PRIMARY KEY (`id`);

--
-- Indexes for table `t_jabatan`
--
ALTER TABLE `t_jabatan`
  ADD PRIMARY KEY (`id`);

--
-- Indexes for table `t_pangkat`
--
ALTER TABLE `t_pangkat`
  ADD PRIMARY KEY (`id`);

--
-- Indexes for table `t_pengajuan`
--
ALTER TABLE `t_pengajuan`
  ADD PRIMARY KEY (`id`);

--
-- Indexes for table `t_penilaian_generik`
--
ALTER TABLE `t_penilaian_generik`
  ADD PRIMARY KEY (`id`);

--
-- Indexes for table `t_satker`
--
ALTER TABLE `t_satker`
  ADD PRIMARY KEY (`id`);

--
-- Indexes for table `t_semester`
--
ALTER TABLE `t_semester`
  ADD PRIMARY KEY (`id`);

--
-- Indexes for table `t_user`
--
ALTER TABLE `t_user`
  ADD PRIMARY KEY (`id`),
  ADD KEY `jabatan` (`ref_jabatan`),
  ADD KEY `satker` (`ref_satker`),
  ADD KEY `userlevel` (`ref_userlevel`),
  ADD KEY `pangkat` (`ref_pangkat`);

--
-- Indexes for table `t_userlevel`
--
ALTER TABLE `t_userlevel`
  ADD PRIMARY KEY (`id`);

--
-- AUTO_INCREMENT for dumped tables
--

--
-- AUTO_INCREMENT for table `t_faktor_kinerja_generik`
--
ALTER TABLE `t_faktor_kinerja_generik`
  MODIFY `id` int(11) NOT NULL AUTO_INCREMENT, AUTO_INCREMENT=11;
--
-- AUTO_INCREMENT for table `t_faktor_kinerja_spesifik`
--
ALTER TABLE `t_faktor_kinerja_spesifik`
  MODIFY `id` int(11) NOT NULL AUTO_INCREMENT;
--
-- AUTO_INCREMENT for table `t_jabatan`
--
ALTER TABLE `t_jabatan`
  MODIFY `id` int(11) NOT NULL AUTO_INCREMENT, AUTO_INCREMENT=34557;
--
-- AUTO_INCREMENT for table `t_pengajuan`
--
ALTER TABLE `t_pengajuan`
  MODIFY `id` int(11) NOT NULL AUTO_INCREMENT, AUTO_INCREMENT=3;
--
-- AUTO_INCREMENT for table `t_penilaian_generik`
--
ALTER TABLE `t_penilaian_generik`
  MODIFY `id` int(11) NOT NULL AUTO_INCREMENT;
--
-- AUTO_INCREMENT for table `t_satker`
--
ALTER TABLE `t_satker`
  MODIFY `id` int(11) NOT NULL AUTO_INCREMENT, AUTO_INCREMENT=21806601;
--
-- AUTO_INCREMENT for table `t_semester`
--
ALTER TABLE `t_semester`
  MODIFY `id` int(11) NOT NULL AUTO_INCREMENT, AUTO_INCREMENT=2;
--
-- AUTO_INCREMENT for table `t_user`
--
ALTER TABLE `t_user`
  MODIFY `id` int(11) NOT NULL AUTO_INCREMENT, AUTO_INCREMENT=97070725;
--
-- AUTO_INCREMENT for table `t_userlevel`
--
ALTER TABLE `t_userlevel`
  MODIFY `id` int(11) NOT NULL AUTO_INCREMENT, AUTO_INCREMENT=4;
/*!40101 SET CHARACTER_SET_CLIENT=@OLD_CHARACTER_SET_CLIENT */;
/*!40101 SET CHARACTER_SET_RESULTS=@OLD_CHARACTER_SET_RESULTS */;
/*!40101 SET COLLATION_CONNECTION=@OLD_COLLATION_CONNECTION */;
